Speed,Torque,Ia magnitude,Ia phase,Ib magnitude,Ib phase,Ic magnitude,Ic phase,I beta magnitude,I beta phase,I alpha magnitude,I alpha phase,Iq ,Id 
51.3680114700689,8.50249185995315,1.47503802481168,-65.3516816146316,3.73167584778405,172.48461123741,3.20011780528422,15.4511428092712,1.47503802481167,-65.3516816146316,3.92243886829882,-176.924617308693,6.00009361342189,1.75819695610065
32.5075709728074,5.38069023256222,0.630830020474593,-120.851200568283,2.04465033421365,170.685465045922,2.35064320409993,5.14098790203711,0.63083002047459,-120.851200568285,2.5175577060338,178.419084024187,5.99980655560083,0.956277127033968
